City_ID,City,Country,Date,Lat,Lng,Max Temp,Humidity,Cloudiness,Wind Speed
0,Billings,US,2022-05-23 18:15:35,45.7833,-108.5007,62.29,27,75,3.44
1,Esperance,AU,2022-05-23 18:19:06,-33.8667,121.9,58.84,66,64,26.46
2,Kununurra,AU,2022-05-23 18:19:07,-15.7667,128.7333,62.58,82,39,0.0
3,Ushuaia,AR,2022-05-23 18:15:32,-54.8,-68.3,38.82,69,40,4.61
4,Upernavik,GL,2022-05-23 18:19:07,72.7868,-56.1549,30.83,93,100,1.7
5,Ouargaye,BF,2022-05-23 18:19:08,11.5033,0.0572,79.88,60,99,4.61
6,Puerto Del Rosario,ES,2022-05-23 18:19:08,28.5004,-13.8627,71.35,73,75,19.57
7,Rikitea,PF,2022-05-23 18:17:31,-23.1203,-134.9692,75.94,75,29,13.53
8,Albany,US,2022-05-23 18:19:10,42.6001,-73.9662,67.59,45,98,1.01
9,Codrington,AU,2022-05-23 18:19:11,-38.2667,141.9667,49.1,85,4,6.69
10,Inuvik,CA,2022-05-23 18:19:11,68.3499,-133.7218,22.06,73,75,4.61
11,Aasiaat,GL,2022-05-23 18:19:11,68.7098,-52.8699,32.97,81,91,18.9
12,Zelenogorskiy,RU,2022-05-23 18:19:12,55.0333,87.0,48.47,67,0,2.17
13,Nikolskoye,RU,2022-05-23 18:19:12,59.7035,30.7861,55.29,71,41,5.03
14,Hobart,AU,2022-05-23 18:15:02,-42.8794,147.3294,45.05,91,100,6.91
15,Flinders,AU,2022-05-23 18:14:55,-34.5833,150.8552,57.18,93,100,4.0
16,Salalah,OM,2022-05-23 18:19:13,17.0151,54.0924,84.29,84,75,6.91
17,Bluff,NZ,2022-05-23 18:19:14,-46.6,168.3333,51.8,76,90,25.79
18,Hami,CN,2022-05-23 18:19:15,42.8,93.45,84.56,12,100,11.01
19,Kushima,JP,2022-05-23 18:19:15,31.4583,131.2333,62.53,90,15,6.6
20,Chancay,PE,2022-05-23 18:19:16,-11.5714,-77.2672,68.29,71,37,9.37
21,Troitskoye,RU,2022-05-23 18:19:17,52.9821,84.6757,50.86,63,0,5.84
22,Val,HU,2022-05-23 18:19:17,47.3626,18.6793,70.14,65,96,4.07
23,Surab,PK,2022-05-23 18:19:18,28.4914,66.2585,65.26,10,0,7.58
24,Barrow,US,2022-05-23 18:15:01,71.2906,-156.7887,21.22,86,100,19.57
25,Halden,NO,2022-05-23 18:19:18,59.1226,11.3871,59.63,62,99,3.6
26,Klaksvik,FO,2022-05-23 18:19:19,62.2266,-6.589,47.32,87,66,9.17
27,Arraial Do Cabo,BR,2022-05-23 18:19:20,-22.9661,-42.0278,75.16,64,40,19.57
28,Richards Bay,ZA,2022-05-23 18:19:21,-28.783,32.0377,64.8,85,88,6.29
29,Lorengau,PG,2022-05-23 18:19:22,-2.0226,147.2712,83.07,70,89,12.17
30,Airai,TL,2022-05-23 18:19:22,-8.9266,125.4092,59.4,82,45,2.48
31,Altay,CN,2022-05-23 18:19:23,47.8667,88.1167,66.13,43,100,3.29
32,Liusha,CN,2022-05-23 18:19:24,27.2098,108.59,57.06,96,100,1.23
33,Castro,BR,2022-05-23 18:19:24,-24.7911,-50.0119,66.49,46,98,4.21
34,Arlit,NE,2022-05-23 18:19:25,18.7369,7.3853,97.27,11,100,6.06
35,Roma,US,2022-05-23 18:19:25,43.2128,-75.4557,67.51,51,75,6.91
36,Tuktoyaktuk,CA,2022-05-23 18:19:26,69.4541,-133.0374,23.0,80,100,9.22
37,Port Lincoln,AU,2022-05-23 18:19:26,-34.7333,135.8667,62.1,66,88,13.71
38,Kasongo,CD,2022-05-23 18:16:08,-4.45,26.6667,70.61,87,70,3.67
39,Mataura,NZ,2022-05-23 18:19:27,-46.1927,168.8643,51.48,82,88,8.37
40,Avarua,CK,2022-05-23 18:19:27,-21.2078,-159.775,77.05,88,20,3.44
41,Kodiak,US,2022-05-23 18:19:28,57.79,-152.4072,45.91,87,100,17.27
42,Alta Floresta,BR,2022-05-23 18:19:28,-9.8756,-56.0861,93.02,27,0,6.91
43,Caravelas,BR,2022-05-23 18:19:29,-17.7125,-39.2481,76.42,60,59,8.23
44,Tual,ID,2022-05-23 18:19:30,-5.6667,132.75,83.14,76,45,15.32
45,Chuy,UY,2022-05-23 18:19:30,-33.6971,-53.4616,63.86,59,89,6.02
46,Busselton,AU,2022-05-23 18:20:31,-33.65,115.3333,62.92,81,71,26.71
47,Hambantota,LK,2022-05-23 18:20:31,6.1241,81.1185,80.19,83,97,18.48
48,New Norfolk,AU,2022-05-23 18:20:32,-42.7826,147.0587,44.71,88,7,1.66
49,Mount Isa,AU,2022-05-23 18:20:32,-20.7333,139.5,62.37,59,1,5.75
50,Ludvika,SE,2022-05-23 18:20:33,60.1496,15.1878,61.34,59,100,4.85
51,Yellowknife,CA,2022-05-23 18:20:06,62.456,-114.3525,37.92,65,75,9.22
52,Kindu,CD,2022-05-23 18:20:34,-2.95,25.95,71.2,94,100,1.72
53,Olinda,BR,2022-05-23 18:16:38,-8.0089,-34.8553,74.93,94,75,16.11
54,Cape Town,ZA,2022-05-23 18:20:21,-33.9258,18.4232,61.21,85,20,11.5
55,Homer,US,2022-05-23 18:20:35,59.6425,-151.5483,51.04,74,75,5.99
56,Hofn,IS,2022-05-23 18:20:35,64.2539,-15.2082,44.62,93,75,10.36
57,Tomatlan,MX,2022-05-23 18:20:36,19.9333,-105.25,91.42,36,16,9.84
58,Komsomolskiy,UZ,2022-05-23 18:20:37,40.4272,71.7189,57.92,62,88,0.0
59,Valparaiso,CL,2022-05-23 18:20:37,-33.0393,-71.6273,68.23,52,0,6.91
60,Kargil,IN,2022-05-23 18:20:37,34.5667,76.1,45.99,43,91,2.57
61,Mancio Lima,BR,2022-05-23 18:20:38,-7.6142,-72.8958,87.87,62,75,4.61
62,Adre,TD,2022-05-23 18:20:39,13.4667,22.2,89.87,12,85,8.99
63,Punta Arenas,CL,2022-05-23 18:20:39,-53.15,-70.9167,37.51,70,75,19.57
64,Hermanus,ZA,2022-05-23 18:20:40,-34.4187,19.2345,62.02,80,100,11.83
65,Acari,PE,2022-05-23 18:20:41,-15.4311,-74.6158,75.83,53,13,9.75
66,Voh,NC,2022-05-23 18:20:42,-20.9667,164.7,68.25,89,99,5.01
67,Vaini,TO,2022-05-23 18:20:42,-21.2,-175.2,75.36,100,20,3.44
68,Georgetown,MY,2022-05-23 18:16:17,5.4112,100.3354,82.33,92,20,3.44
69,Port Elizabeth,ZA,2022-05-23 18:20:43,-33.918,25.5701,61.11,88,0,5.75
70,Pindobacu,BR,2022-05-23 18:20:43,-10.7417,-40.3608,80.33,51,88,11.9
71,Mar Del Plata,AR,2022-05-23 18:18:55,-38.0023,-57.5575,64.09,69,75,4.0
72,Bredasdorp,ZA,2022-05-23 18:20:44,-34.5322,20.0403,58.1,85,99,5.35
73,Pundaguitan,PH,2022-05-23 18:20:45,6.3711,126.1689,82.83,74,18,5.88
74,Kalmunai,LK,2022-05-23 18:20:45,7.4167,81.8167,82.49,72,91,5.95
75,Quetame,CO,2022-05-23 18:20:46,4.3323,-73.8614,70.61,77,59,5.46
76,Sitka,US,2022-05-23 18:20:46,57.0531,-135.33,46.29,87,100,11.5
77,Saldanha,ZA,2022-05-23 18:20:47,-33.0117,17.9442,59.05,88,47,5.21
78,Hun,LY,2022-05-23 18:20:47,29.1268,15.9477,88.65,9,0,9.31
79,East London,ZA,2022-05-23 18:20:49,-33.0153,27.9116,63.54,82,0,5.75
80,Havoysund,NO,2022-05-23 18:20:49,70.9963,24.6622,48.43,71,40,12.1
81,Okhotsk,RU,2022-05-23 18:20:50,59.3833,143.3,32.54,89,99,5.5
82,Norman Wells,CA,2022-05-23 18:20:51,65.282,-126.8329,46.44,61,75,4.61
83,Ngunguru,NZ,2022-05-23 18:20:51,-35.6167,174.5,56.41,67,67,6.44
84,Ponta Do Sol,PT,2022-05-23 18:20:52,32.6667,-17.1,71.71,70,14,3.42
85,Batagay-Alyta,RU,2022-05-23 18:20:52,67.8006,130.4114,29.93,86,73,3.58
86,Guerrero Negro,MX,2022-05-23 18:20:53,27.9769,-114.0611,66.61,58,25,11.5
87,Butaritari,KI,2022-05-23 18:20:54,3.0707,172.7902,81.7,80,100,13.78
88,Kimbe,PG,2022-05-23 18:20:54,-5.5502,150.1429,75.49,92,55,2.77
89,Benguela,AO,2022-05-23 18:20:55,-12.5763,13.4055,72.48,78,0,5.46
90,Fortuna,US,2022-05-23 18:20:55,40.5982,-124.1573,58.86,88,75,12.66
91,Waingapu,ID,2022-05-23 18:20:56,-9.6567,120.2641,77.05,85,8,5.3
92,Saint-Philippe,RE,2022-05-23 18:20:57,-21.3585,55.7679,72.99,85,41,12.5
93,Hilo,US,2022-05-23 18:20:57,19.7297,-155.09,81.28,82,75,5.75
94,Irbit,RU,2022-05-23 18:21:58,57.6705,63.071,43.32,94,94,5.57
95,Jeremie,HT,2022-05-23 18:21:58,18.65,-74.1167,84.22,66,72,5.37
96,Itarema,BR,2022-05-23 18:21:58,-2.9248,-39.9167,82.99,75,77,6.71
97,Tessalit,ML,2022-05-23 18:21:59,20.1986,1.0114,97.34,16,1,12.75
98,Chokurdakh,RU,2022-05-23 18:21:59,70.6333,147.9167,31.98,95,100,1.34
99,Sergeyevka,KZ,2022-05-23 18:22:00,53.88,67.4158,64.11,51,64,17.96
100,Lasa,IT,2022-05-23 18:22:01,46.6166,10.7002,72.48,81,84,5.66
101,Alto Araguaia,BR,2022-05-23 18:22:01,-17.3147,-53.2153,80.26,27,22,4.34
102,Port Alfred,ZA,2022-05-23 18:22:06,-33.5906,26.891,62.28,76,18,2.26
103,Adrar,MR,2022-05-23 18:22:07,20.5022,-10.0711,103.41,8,53,9.15
104,Anadyr,RU,2022-05-23 18:22:07,64.75,177.4833,52.3,54,0,4.47
105,Baillif,GP,2022-05-23 18:22:08,16.0202,-61.7463,85.64,74,49,13.15
106,Ucluelet,CA,2022-05-23 18:22:08,48.9329,-125.5528,55.71,82,83,1.99
107,Mahajanga,MG,2022-05-23 18:22:09,-15.7167,46.3167,73.42,94,20,3.44
108,Ixtapa,MX,2022-05-23 18:22:10,20.7,-105.2,79.83,65,0,13.8
109,North Branch,US,2022-05-23 18:22:11,45.5113,-92.9802,65.98,37,5,1.01
110,Bastos,BR,2022-05-23 18:22:11,-21.9219,-50.7339,79.18,26,3,1.45
111,Kichera,RU,2022-05-23 18:22:12,55.9375,110.0997,47.37,69,73,4.05
112,Roald,NO,2022-05-23 18:22:12,62.5833,6.1333,58.33,67,75,12.66
113,Mitu,CO,2022-05-23 18:22:13,1.1983,-70.1733,88.39,51,29,4.16
114,Hasaki,JP,2022-05-23 18:22:14,35.7333,140.8333,54.28,76,84,2.42
115,Siniscola,IT,2022-05-23 18:22:14,40.5719,9.6922,76.55,69,43,6.06
116,Crotone,IT,2022-05-23 18:22:15,39.0851,17.1178,75.15,60,0,6.91
117,Anderson,US,2022-05-23 18:20:02,34.5334,-82.6499,71.17,96,100,11.5
118,Atuona,PF,2022-05-23 18:22:15,-9.8,-139.0333,78.94,74,15,19.3
119,Mehamn,NO,2022-05-23 18:22:15,71.0357,27.8492,44.51,74,21,8.93
120,Noumea,NC,2022-05-23 18:22:16,-22.2763,166.4572,75.0,99,100,10.18
121,Macia,MZ,2022-05-23 18:22:17,-25.0269,33.0989,62.87,97,99,8.46
122,Port Blair,IN,2022-05-23 18:22:18,11.6667,92.75,82.83,83,97,21.36
123,Acarau,BR,2022-05-23 18:22:18,-2.8856,-40.12,81.88,76,89,3.67
124,Ribeira Grande,PT,2022-05-23 18:22:19,38.5167,-28.7,64.8,88,75,14.97
125,Avera,US,2022-05-23 18:22:20,33.194,-82.5271,80.11,82,100,7.76
126,Nanortalik,GL,2022-05-23 18:22:20,60.1432,-45.2371,35.98,81,90,17.11
127,Elko,US,2022-05-23 18:22:21,41.0002,-115.5012,59.65,16,58,4.0
128,Tarakan,ID,2022-05-23 18:22:22,3.3,117.6333,78.71,78,92,5.3
129,Santa Isabel Do Rio Negro,BR,2022-05-23 18:22:22,-0.4139,-65.0192,84.74,68,83,5.21
130,Izumo,JP,2022-05-23 18:22:23,35.3667,132.7667,57.15,48,91,5.23
131,Ciudad Bolivar,VE,2022-05-23 18:22:24,8.1222,-63.5497,83.25,59,100,7.49
132,Iracoubo,GF,2022-05-23 18:22:24,5.4802,-53.2011,81.39,74,31,6.17
133,Odweyne,SO,2022-05-23 18:22:25,9.4092,45.064,85.77,16,71,7.99
134,Marsabit,KE,2022-05-23 18:22:25,2.3284,37.9899,72.57,48,2,13.76
135,Hamilton,US,2022-05-23 18:22:04,39.1834,-84.5333,64.49,67,100,9.22
136,San Julian,MX,2022-05-23 18:22:26,21.0167,-102.1667,82.8,19,44,9.89
137,Dikson,RU,2022-05-23 18:22:27,73.5069,80.5464,18.05,89,10,7.63
138,Great Yarmouth,GB,2022-05-23 18:17:29,52.6083,1.7305,59.41,97,100,2.08
139,San Quintin,MX,2022-05-23 18:22:27,30.4833,-115.95,63.63,65,82,11.18
140,Samana,DO,2022-05-23 18:23:28,19.2056,-69.3369,89.82,62,40,11.5
141,Rabo De Peixe,PT,2022-05-23 18:23:29,37.8,-25.5833,67.28,87,75,8.05
142,Banjar,ID,2022-05-23 18:23:29,-8.19,114.9675,76.8,86,42,4.56
143,Wuwei,CN,2022-05-23 18:23:30,37.9281,102.6414,67.41,31,97,7.96
144,Nampula,MZ,2022-05-23 18:23:30,-15.1165,39.2666,73.35,88,0,8.05
145,Faanui,PF,2022-05-23 18:23:34,-16.4833,-151.75,81.16,72,9,15.26
146,Washington,US,2022-05-23 18:19:54,47.5001,-120.5015,63.9,39,57,6.02
147,Kahului,US,2022-05-23 18:23:35,20.8947,-156.47,80.62,66,20,12.66
148,Bo Rai,TH,2022-05-23 18:23:35,12.5728,102.5371,85.73,97,99,1.97
149,Kavieng,PG,2022-05-23 18:23:36,-2.5744,150.7967,81.82,74,98,13.67
150,Mayor Pablo Lagerenza,PY,2022-05-23 18:23:37,-19.9309,-60.7718,86.18,40,52,7.92
151,Geraldton,AU,2022-05-23 18:23:37,-28.7667,114.6,64.81,77,75,24.16
152,Lodwar,KE,2022-05-23 18:23:37,3.1191,35.5973,91.13,34,8,7.11
153,Souillac,MU,2022-05-23 18:23:38,-20.5167,57.5167,75.58,73,75,14.97
154,Namibe,AO,2022-05-23 18:23:39,-15.1961,12.1522,65.03,94,0,13.8
155,Impfondo,CG,2022-05-23 18:23:39,1.6381,18.0667,72.52,98,100,2.62
156,Kelowna,CA,2022-05-23 18:23:17,49.8831,-119.4857,64.45,41,100,16.11
157,Thompson,CA,2022-05-23 18:21:01,55.7435,-97.8558,46.56,87,100,11.5
158,Bratunac,BA,2022-05-23 18:23:40,44.1875,19.3394,65.08,90,93,1.61
159,Fuerte Olimpo,PY,2022-05-23 18:23:41,-21.0415,-57.8738,88.56,26,55,7.29
160,Alice,US,2022-05-23 18:23:41,27.7523,-98.0697,87.24,56,40,13.8
161,Hithadhoo,MV,2022-05-23 18:23:42,-0.6,73.0833,84.04,74,16,11.79
162,Gazli,UZ,2022-05-23 18:23:42,40.1333,63.45,74.16,21,0,9.75
163,Piacabucu,BR,2022-05-23 18:23:43,-10.4056,-36.4344,81.54,64,8,13.04
164,Kupang,ID,2022-05-23 18:23:44,-10.1667,123.5833,76.71,82,1,8.05
165,Garden City,US,2022-05-23 18:21:07,42.3256,-83.331,61.88,52,100,11.5
166,Saskylakh,RU,2022-05-23 18:23:45,71.9167,114.0833,27.27,95,99,11.68
167,Provideniya,RU,2022-05-23 18:23:45,64.3833,-173.3,49.26,47,98,2.93
168,Jamestown,US,2022-05-23 18:23:46,42.097,-79.2353,62.53,52,0,8.05
169,Clyde River,CA,2022-05-23 18:23:47,70.4692,-68.5914,17.83,73,0,24.16
170,Talnakh,RU,2022-05-23 18:23:47,69.4865,88.3972,33.21,92,100,2.75
171,Fort Nelson,CA,2022-05-23 18:23:48,58.8053,-122.7002,51.39,62,75,3.44
172,Nkayi,CG,2022-05-23 18:23:48,-4.1841,13.2884,75.79,76,97,1.36
173,Te Anau,NZ,2022-05-23 18:23:49,-45.4167,167.7167,48.9,84,98,4.94
174,Bonavista,CA,2022-05-23 18:23:49,48.6499,-53.1147,52.74,87,46,18.28
175,Klyuchi,RU,2022-05-23 18:23:50,52.2667,79.1667,59.54,33,0,4.14
176,Lata,PT,2022-05-23 18:23:50,40.1629,-8.3327,65.07,57,94,11.81
177,Khatanga,RU,2022-05-23 18:23:51,71.9667,102.5,25.61,86,34,11.05
178,La Palma,US,2022-05-23 18:23:52,33.8464,-118.0467,72.41,80,100,5.75
179,Qasigiannguit,GL,2022-05-23 18:23:52,68.8193,-51.1922,37.65,94,68,6.87
180,Dingle,PH,2022-05-23 18:23:53,10.9995,122.6711,76.39,88,73,1.34
181,Klungkung,ID,2022-05-23 18:23:53,-8.5333,115.4,77.68,85,51,3.15
182,Qiongshan,CN,2022-05-23 18:23:54,20.0058,110.3542,80.58,94,75,4.47
183,Virginia Beach,US,2022-05-23 18:23:54,36.8529,-75.978,74.05,64,100,13.8
184,Vila Velha,BR,2022-05-23 18:23:55,-20.3297,-40.2925,78.75,73,75,5.75
185,Buala,SB,2022-05-23 18:24:56,-8.145,159.5921,80.56,79,68,4.72
186,Katsuura,JP,2022-05-23 18:24:56,35.1333,140.3,61.36,81,89,4.92
187,Lagoa,PT,2022-05-23 18:24:58,39.05,-27.9833,61.27,83,100,14.9
188,Kapaa,US,2022-05-23 18:24:22,22.0752,-159.319,77.11,78,40,11.5
189,Yar-Sale,RU,2022-05-23 18:24:59,66.8333,70.8333,38.41,91,100,6.85
190,Garh Maharaja,PK,2022-05-23 18:24:59,30.8339,71.9053,75.47,49,0,10.98
191,Nuuk,GL,2022-05-23 18:23:54,64.1835,-51.7216,30.81,93,75,21.85
192,Colares,PT,2022-05-23 18:25:00,38.7992,-9.4469,67.75,57,20,20.0
193,Saint-Pierre,RE,2022-05-23 18:25:00,-21.3393,55.4781,73.08,83,100,8.05
194,Saint George,US,2022-05-23 18:20:32,37.1041,-113.5841,75.63,18,0,5.01
195,Kiruna,SE,2022-05-23 18:25:01,67.8557,20.2251,54.52,54,100,9.22
196,Suluq,LY,2022-05-23 18:25:01,31.6682,20.2521,76.75,17,0,7.18
197,Uvalde,US,2022-05-23 18:25:02,29.3669,-99.767,81.41,31,75,12.66
198,Maceio,BR,2022-05-23 18:24:10,-9.6658,-35.7353,83.64,61,75,12.66
199,Plastun,RU,2022-05-23 18:25:02,44.7561,136.2939,44.33,96,41,1.21
200,Cabo San Lucas,MX,2022-05-23 18:21:12,22.8909,-109.9124,88.9,53,0,11.5
201,Carnarvon,AU,2022-05-23 18:25:03,-24.8667,113.6333,71.15,62,36,10.87
202,Vagur,FO,2022-05-23 18:25:05,61.4732,-6.8119,48.42,82,66,6.67
203,San Patricio,US,2022-05-23 18:25:06,28.017,-97.5169,88.52,48,93,15.37
204,Pacific Grove,US,2022-05-23 18:23:00,36.6177,-121.9166,72.55,74,0,11.99
205,Lixourion,GR,2022-05-23 18:25:07,38.2019,20.4314,69.8,94,40,0.0
206,Pevek,RU,2022-05-23 18:25:08,69.7008,170.3133,36.59,82,76,11.41
207,Maldonado,UY,2022-05-23 18:25:08,-34.6667,-54.9167,67.39,57,94,5.75
208,Aklavik,CA,2022-05-23 18:25:09,68.2191,-135.0107,30.02,63,99,1.72
209,Mayo,US,2022-05-23 18:25:09,38.8876,-76.5119,76.21,54,100,6.91
210,Tasiilaq,GL,2022-05-23 18:25:09,65.6145,-37.6368,35.76,99,100,12.64
211,Wanning,CN,2022-05-23 18:25:10,18.8003,110.3967,79.36,91,99,4.68
212,Mudgee,AU,2022-05-23 18:25:11,-32.5943,149.5871,51.62,95,20,5.17
213,Abu Kamal,SY,2022-05-23 18:25:11,34.4506,40.9171,79.99,28,0,18.54
214,Perigueux,FR,2022-05-23 18:25:12,45.1833,0.7167,65.77,67,74,11.59
215,Kenai,US,2022-05-23 18:25:13,60.5544,-151.2583,55.02,80,40,12.66
216,Scarborough,GB,2022-05-23 18:20:59,54.2797,-0.4044,59.79,72,100,4.0
217,Archidona,ES,2022-05-23 18:20:30,37.0965,-4.3887,81.41,36,11,10.11
218,Aiken,US,2022-05-23 18:25:14,33.5835,-81.5998,79.09,83,100,4.61
219,Lebanon,US,2022-05-23 18:21:47,36.2081,-86.2911,66.31,83,100,12.28
220,Cabedelo,BR,2022-05-23 18:25:15,-6.9811,-34.8339,75.87,86,99,15.19
221,Isangel,VU,2022-05-23 18:25:15,-19.55,169.2667,76.55,84,56,9.01
222,Leningradskiy,RU,2022-05-23 18:25:16,69.3833,178.4167,35.44,87,46,4.23
223,Pisco,PE,2022-05-23 18:25:16,-13.7,-76.2167,67.01,72,59,10.36
224,Mount Gambier,AU,2022-05-23 18:25:17,-37.8333,140.7667,48.45,88,4,5.91
225,Tiznit,MA,2022-05-23 18:25:18,29.5833,-9.5,75.06,53,77,7.23
226,Puerto Maldonado,PE,2022-05-23 18:25:18,-12.6,-69.1833,81.0,74,75,5.75
227,Lingao,CN,2022-05-23 18:25:18,19.9103,109.6859,78.19,93,93,12.91
228,Lebu,CL,2022-05-23 18:25:19,-37.6167,-73.65,51.8,64,100,2.17
229,Alofi,NU,2022-05-23 18:26:19,-19.0595,-169.9187,69.69,94,40,3.44
230,Kavaratti,IN,2022-05-23 18:25:18,10.5669,72.642,83.48,82,100,15.03
231,Taltal,CL,2022-05-23 18:26:20,-25.4,-70.4833,65.34,67,7,4.07
232,Vestmannaeyjar,IS,2022-05-23 18:26:21,63.4427,-20.2734,47.39,87,100,9.22
233,Praia Da Vitoria,PT,2022-05-23 18:26:21,38.7333,-27.0667,65.75,82,75,9.53
234,Longyearbyen,SJ,2022-05-23 18:26:22,78.2186,15.6401,35.44,93,100,2.3
235,Soe,ID,2022-05-23 18:26:22,-9.8607,124.284,64.99,92,14,4.56
236,Yinchuan,CN,2022-05-23 18:24:17,38.4681,106.2731,72.41,28,0,4.27
237,Bathsheba,BB,2022-05-23 18:26:23,13.2167,-59.5167,86.61,66,40,18.41
238,Saint-Vallier,FR,2022-05-23 18:26:24,46.6411,4.3711,65.97,73,50,8.75
239,Margate,GB,2022-05-23 18:26:24,51.3813,1.3862,58.3,87,100,1.99
240,Salym,RU,2022-05-23 18:26:25,60.0625,71.4789,48.06,90,100,5.82
241,Exaplatanos,GR,2022-05-23 18:26:26,40.9772,22.125,70.21,92,96,3.11
242,Dunedin,NZ,2022-05-23 18:26:26,-45.8742,170.5036,48.79,65,17,1.01
243,Henties Bay,NA,2022-05-23 18:26:26,-22.116,14.2845,62.02,67,56,4.25
244,Corinth,GR,2022-05-23 18:26:27,37.9407,22.9573,75.42,61,9,2.82
245,Chingirlau,KZ,2022-05-23 18:26:28,51.095,54.0814,52.43,89,33,7.63
246,Moron,AR,2022-05-23 18:26:28,-34.6534,-58.6198,71.49,69,87,4.92
247,Pringsewu,ID,2022-05-23 18:26:29,-5.3582,104.9744,74.01,98,88,0.54
248,Manta,EC,2022-05-23 18:25:42,-0.95,-80.7333,82.18,78,40,12.66
249,Port Moresby,PG,2022-05-23 18:26:30,-9.4431,147.1797,74.62,100,20,3.44
250,Islamkot,PK,2022-05-23 18:26:30,24.6997,70.177,81.81,81,0,21.77
251,Sarh,TD,2022-05-23 18:26:31,9.1429,18.3923,82.31,74,0,4.61
252,Srednekolymsk,RU,2022-05-23 18:26:32,67.45,153.6833,50.14,77,100,14.2
253,Ventspils,LV,2022-05-23 18:26:32,57.3894,21.5606,51.73,71,0,3.44
254,Kaitangata,NZ,2022-05-23 18:26:33,-46.2817,169.8464,51.8,73,42,15.28
255,Eenhana,NA,2022-05-23 18:26:34,-17.4667,16.3333,60.75,24,0,3.8
256,Alekseyevka,RU,2022-05-23 18:26:34,50.6309,38.6903,49.17,67,78,4.68
257,Chiredzi,ZW,2022-05-23 18:26:35,-21.05,31.6667,60.69,58,0,3.29
258,Torbay,CA,2022-05-23 18:26:28,47.6666,-52.7314,70.57,44,75,29.93
259,College,US,2022-05-23 18:26:35,64.8569,-147.8028,53.55,41,20,13.8
260,Bethel,US,2022-05-23 18:26:36,41.3712,-73.414,75.18,49,0,8.05
261,Koumac,NC,2022-05-23 18:26:36,-20.5667,164.2833,72.37,80,100,6.73
262,Rapid Valley,US,2022-05-23 18:24:13,44.0625,-103.1463,57.63,65,100,18.41
263,Narsaq,GL,2022-05-23 18:26:37,60.9167,-46.05,43.02,77,91,3.36
264,Ringkobing,DK,2022-05-23 18:26:37,56.0901,8.244,65.01,70,99,19.04
265,Natal,BR,2022-05-23 18:22:34,-5.795,-35.2094,79.45,83,100,12.66
266,Fairbanks,US,2022-05-23 18:22:06,64.8378,-147.7164,53.56,41,20,13.8
267,Beloha,MG,2022-05-23 18:26:38,-25.1667,45.05,68.18,65,1,5.5
268,Okha,RU,2022-05-23 18:26:38,53.5739,142.9478,33.51,96,100,10.4
269,Sabha,LY,2022-05-23 18:26:39,27.0377,14.4283,88.02,8,55,11.56
270,Magdagachi,RU,2022-05-23 18:26:39,53.45,125.8,38.59,93,28,5.66
271,Sungaipenuh,ID,2022-05-23 18:26:40,-2.0833,101.3833,67.15,94,83,1.99
272,Saint Anthony,US,2022-05-23 18:26:41,45.0205,-93.218,65.95,33,20,9.22
273,Taoudenni,ML,2022-05-23 18:26:41,22.6783,-3.9836,103.93,7,0,13.47
274,Ilek,RU,2022-05-23 18:26:42,51.5271,53.3831,50.43,95,86,1.52
275,Naifaru,MV,2022-05-23 18:26:42,5.4444,73.3657,83.26,77,92,16.31
276,Catemaco,MX,2022-05-23 18:26:42,18.4167,-95.1167,90.37,47,31,6.31
277,Rabaul,PG,2022-05-23 18:26:43,-4.1967,152.1721,78.75,73,27,3.85
278,Vasai,IN,2022-05-23 18:27:44,19.47,72.8,86.09,64,94,12.73
279,Makakilo City,US,2022-05-23 18:27:44,21.3469,-158.0858,79.12,63,0,9.22
280,Fare,PF,2022-05-23 18:27:45,-16.7,-151.0167,80.71,73,1,15.1
281,Arman,RU,2022-05-23 18:27:45,59.7,150.1667,34.02,98,100,1.28
282,Sandpoint,US,2022-05-23 18:27:29,48.2766,-116.5533,64.85,46,40,10.36
283,Luganville,VU,2022-05-23 18:27:46,-15.5333,167.1667,77.59,87,50,3.65
284,Sukhumi,GE,2022-05-23 18:27:47,43.0033,41.0153,55.36,93,71,4.05
285,Itoman,JP,2022-05-23 18:27:48,26.1247,127.6694,73.42,96,75,16.11
286,Jalu,LY,2022-05-23 18:27:48,29.0331,21.5482,82.47,9,0,7.96
287,Lucapa,AO,2022-05-23 18:27:48,-8.4192,20.7447,73.56,42,91,4.14
288,Comodoro Rivadavia,AR,2022-05-23 18:26:34,-45.8667,-67.5,49.86,37,20,20.71
289,Porto Belo,BR,2022-05-23 18:27:49,-27.1578,-48.5531,76.78,71,95,6.78
290,Gigmoto,PH,2022-05-23 18:27:50,13.7796,124.39,80.64,86,70,7.96
291,Yerbogachen,RU,2022-05-23 18:27:50,61.2767,108.0108,52.14,70,98,5.97
292,Jatiroto,ID,2022-05-23 18:27:51,-7.8833,111.1167,73.38,89,99,3.67
293,Dalvik,IS,2022-05-23 18:27:55,65.9702,-18.5286,42.73,86,99,4.29
294,Gobabis,NA,2022-05-23 18:27:56,-22.45,18.9667,58.19,28,76,9.19
295,Denton,US,2022-05-23 18:27:04,33.2001,-97.1336,75.74,85,99,1.01
296,Shingu,JP,2022-05-23 18:27:57,33.7333,135.9833,61.92,75,100,5.08
297,Petrozavodsk,RU,2022-05-23 18:27:57,61.7849,34.3469,47.66,29,100,8.95
298,Severo-Kurilsk,RU,2022-05-23 18:27:58,50.6789,156.125,40.78,98,100,14.76
299,Teahupoo,PF,2022-05-23 18:27:58,-17.8333,-149.2667,76.96,74,28,14.45
300,Maracaibo,VE,2022-05-23 18:27:59,10.6317,-71.6406,88.79,57,79,2.55
301,Prince Rupert,CA,2022-05-23 18:27:59,54.3161,-130.3201,47.89,87,100,4.61
302,Cochrane,CA,2022-05-23 18:28:00,51.1834,-114.4687,64.62,25,0,6.91
303,Bukama,CD,2022-05-23 18:28:00,-9.2,25.85,76.55,51,54,1.92
304,Petropavlovsk-Kamchatskiy,RU,2022-05-23 18:28:01,53.0452,158.6483,39.79,100,100,2.24
305,La Primavera,CO,2022-05-23 18:28:03,5.4906,-70.4092,87.39,57,77,7.27
306,Malegaon,IN,2022-05-23 18:28:03,20.55,74.5333,81.34,65,0,20.4
307,Ishigaki,JP,2022-05-23 18:28:04,24.3448,124.1572,73.53,100,75,2.3
308,Bad Iburg,DE,2022-05-23 18:28:06,52.1549,8.0422,66.22,81,92,9.17
309,Lufilufi,WS,2022-05-23 18:28:06,-13.8745,-171.5986,74.98,76,25,22.3
310,Zhizdra,RU,2022-05-23 18:28:07,53.746,34.7395,44.04,63,5,6.42
311,Port Hedland,AU,2022-05-23 18:28:07,-20.3167,118.5667,75.25,100,100,8.05
312,Kuantan,MY,2022-05-23 18:28:08,3.8077,103.326,78.91,89,20,4.61
313,Neka,IR,2022-05-23 18:28:08,36.6508,53.299,72.07,43,73,9.44
314,Ler,SS,2022-05-23 18:28:09,8.3018,30.1418,87.1,39,37,4.38
315,Mesetas,CO,2022-05-23 18:28:09,3.3846,-74.0442,81.18,68,66,7.36
316,Mumford,GH,2022-05-23 18:28:10,5.2618,-0.759,81.0,77,87,13.47
317,Dalmatovo,RU,2022-05-23 18:28:10,56.26,62.9362,43.95,97,99,7.34
318,La Maddalena,IT,2022-05-23 18:28:11,41.2142,9.4083,77.05,76,52,5.84
319,Chabahar,IR,2022-05-23 18:28:11,25.2919,60.643,85.33,75,0,3.0
320,Gogrial,SS,2022-05-23 18:28:12,8.5332,28.1004,91.83,33,100,3.91
321,Belmonte,BR,2022-05-23 18:28:13,-15.8631,-38.8828,76.03,74,58,10.45
322,Rocha,UY,2022-05-23 18:23:26,-34.4833,-54.3333,64.22,59,97,5.93
323,Narasannapeta,IN,2022-05-23 18:28:14,18.4167,84.05,85.96,79,65,5.28
324,Aranos,NA,2022-05-23 18:28:14,-24.1333,19.1167,59.2,31,66,4.54
325,Yen Bai,VN,2022-05-23 18:28:15,21.7,104.8667,72.43,97,100,2.44
326,Marsa Matruh,EG,2022-05-23 18:29:15,31.3525,27.2453,68.02,71,0,7.43
327,Alassio,IT,2022-05-23 18:29:16,44.0039,8.1671,73.18,87,40,10.36
328,Svetlyy,RU,2022-05-23 18:29:16,54.675,20.1347,53.65,77,32,6.78
329,Lima,PE,2022-05-23 18:26:24,-12.0432,-77.0282,61.05,82,100,6.91
330,Nioro,GM,2022-05-23 18:29:17,13.35,-15.75,94.73,25,1,14.76
331,Sioux Lookout,CA,2022-05-23 18:29:17,50.1001,-91.917,62.67,36,75,12.66
332,Juneau,US,2022-05-23 18:25:19,58.3019,-134.4197,50.22,94,100,8.05
333,Luderitz,NA,2022-05-23 18:29:18,-26.6481,15.1594,63.5,52,52,3.89
334,Gorontalo,ID,2022-05-23 18:29:19,0.5412,123.0595,75.34,95,100,2.57
335,Torzhok,RU,2022-05-23 18:29:20,57.0436,34.9622,45.81,47,37,7.74
336,Yagodnoye,RU,2022-05-23 18:29:20,62.55,149.6667,27.55,86,38,5.84
337,Nantucket,US,2022-05-23 18:27:48,41.2835,-70.0995,69.94,55,100,23.02
338,Lompoc,US,2022-05-23 18:29:21,34.6391,-120.4579,81.01,69,0,13.8
339,Puerto Ayora,EC,2022-05-23 18:29:23,-0.7393,-90.3518,82.36,92,59,1.99
340,Remontnoye,RU,2022-05-23 18:29:23,46.5614,43.6501,53.46,74,82,8.19
341,Chebarkul,RU,2022-05-23 18:29:24,54.9749,60.3633,44.73,98,100,6.6
342,Sinnamary,GF,2022-05-23 18:29:25,5.3833,-52.95,80.28,81,46,3.91
343,Coahuayana,MX,2022-05-23 18:29:25,18.7333,-103.6833,89.42,50,26,8.41
344,Bilma,NE,2022-05-23 18:29:26,18.6853,12.9164,93.97,8,100,5.93
345,Buraydah,SA,2022-05-23 18:29:26,26.326,43.975,88.25,15,2,19.48
346,Cassia,BR,2022-05-23 18:29:27,-20.5831,-46.9219,76.89,34,16,2.21
347,Victoria,HK,2022-05-23 18:27:05,22.2855,114.1577,78.19,95,100,4.0
348,Gejiu,CN,2022-05-23 18:29:28,23.306,103.1635,54.0,97,97,2.37
349,Grua,NO,2022-05-23 18:29:28,60.2667,10.6667,58.66,67,100,7.94
350,Kamina,CD,2022-05-23 18:29:28,-8.7386,24.9906,72.7,55,47,2.15
351,Oriximina,BR,2022-05-23 18:29:29,-1.7656,-55.8661,82.51,77,91,4.0
352,Coquimbo,CL,2022-05-23 18:29:30,-29.9533,-71.3436,65.93,59,0,12.66
353,Cidreira,BR,2022-05-23 18:29:30,-30.1811,-50.2056,66.99,60,0,4.63
354,Cody,US,2022-05-23 18:29:31,44.5263,-109.0565,58.91,37,20,6.91
355,Kawalu,ID,2022-05-23 18:29:32,-7.3817,108.2082,72.75,94,100,3.4
356,Umuahia,NG,2022-05-23 18:29:32,5.5263,7.4896,71.44,95,100,4.36
357,Santa Cruz,BO,2022-05-23 18:29:33,-17.8,-63.1667,83.66,57,75,23.02
358,Abaza,RU,2022-05-23 18:29:33,52.655,90.0928,50.77,79,97,2.57
359,Kirkwood,US,2022-05-23 18:29:34,38.5834,-90.4068,68.86,50,20,16.11
360,Naze,JP,2022-05-23 18:29:35,28.3667,129.4833,59.92,87,100,9.6
361,Yulara,AU,2022-05-23 18:29:35,-25.2406,130.9889,64.29,47,99,8.68
362,Dedougou,BF,2022-05-23 18:29:36,12.4667,-3.4667,84.38,47,91,15.21
363,Vitoria Da Conquista,BR,2022-05-23 18:29:03,-14.8661,-40.8394,72.93,54,84,8.37
364,Baykit,RU,2022-05-23 18:29:36,61.67,96.37,55.13,64,26,1.88
365,Ternate,ID,2022-05-23 18:29:33,0.8,127.4,80.11,82,96,4.54
366,Rio Gallegos,AR,2022-05-23 18:29:37,-51.6226,-69.2181,39.25,65,0,17.27
367,Tashla,RU,2022-05-23 18:29:38,51.7716,52.7427,49.37,88,95,5.7
368,Grindavik,IS,2022-05-23 18:29:14,63.8424,-22.4338,50.47,62,75,6.91
369,Iqaluit,CA,2022-05-23 18:29:39,63.7506,-68.5145,20.93,57,75,19.57
370,Necochea,AR,2022-05-23 18:29:16,-38.5473,-58.7368,58.41,39,100,9.75
371,Grand Forks,US,2022-05-23 18:29:39,47.9417,-97.4337,64.33,29,40,11.5
372,Andapa,MG,2022-05-23 18:30:40,-14.65,49.65,62.44,99,26,2.89
373,Dublin,US,2022-05-23 18:29:36,37.7021,-121.9358,85.24,36,0,5.01
374,Port Hardy,CA,2022-05-23 18:26:27,50.6996,-127.4199,50.18,81,100,9.22
375,Tashtyp,RU,2022-05-23 18:30:40,52.7939,89.8983,48.9,94,4,4.03
376,Lavrentiya,RU,2022-05-23 18:30:41,65.5833,-171.0,37.99,67,10,0.85
377,Capaci,IT,2022-05-23 18:30:41,38.1711,13.2393,76.6,52,0,6.91
378,Binzhou,CN,2022-05-23 18:30:42,37.3667,118.0167,71.13,34,98,5.26
379,Polunochnoye,RU,2022-05-23 18:30:42,60.8697,60.4153,35.96,92,98,3.89
380,Missoula,US,2022-05-23 18:30:43,47.0166,-113.8009,55.17,40,100,5.5
381,Tiksi,RU,2022-05-23 18:30:43,71.6872,128.8694,32.4,99,100,1.77
382,Nalut,LY,2022-05-23 18:30:44,30.3333,10.85,83.79,6,0,10.16
383,Ashqelon,IL,2022-05-23 18:30:44,31.6693,34.5715,70.83,78,0,2.39
384,Ugoofaaru,MV,2022-05-23 18:30:45,5.6667,73.0,83.16,79,100,15.5
385,Qaanaaq,GL,2022-05-23 18:30:45,77.484,-69.3632,33.91,79,100,6.64
386,Rincon,US,2022-05-23 18:30:46,32.296,-81.2354,89.91,54,75,10.36
387,Mayumba,GA,2022-05-23 18:30:46,-3.432,10.6554,73.83,82,100,6.24
388,Simbahan,PH,2022-05-23 18:30:47,6.3032,120.5836,82.51,78,97,5.19
389,Tukan,RU,2022-05-23 18:30:48,53.8409,57.4552,43.63,98,100,4.61
390,Inhambane,MZ,2022-05-23 18:30:48,-23.865,35.3833,66.18,88,20,0.0
391,Voyvozh,RU,2022-05-23 18:30:49,62.892,54.9635,31.06,95,20,5.06
392,Lac Du Bonnet,CA,2022-05-23 18:30:50,50.2536,-96.0612,60.85,44,100,10.76
393,Brae,GB,2022-05-23 18:30:50,60.3964,-1.353,50.58,81,79,8.08
394,Husavik,IS,2022-05-23 18:30:51,66.0449,-17.3389,39.49,81,71,4.81
395,Gat,IL,2022-05-23 18:30:51,31.61,34.7642,70.39,33,0,1.36
396,Tautira,PF,2022-05-23 18:30:52,-17.7333,-149.15,79.92,72,28,14.09
397,Nelspruit,ZA,2022-05-23 18:30:53,-25.4745,30.9703,62.89,77,0,9.22
398,Saint-Leu,RE,2022-05-23 18:30:53,-21.15,55.2833,72.46,74,3,3.53
399,Sovetskaya,RU,2022-05-23 18:30:54,44.7769,41.1722,50.92,96,84,5.75
400,Olafsvik,IS,2022-05-23 18:30:54,64.8945,-23.7142,45.57,75,95,4.97
401,Williamsport,US,2022-05-23 18:30:55,41.2412,-77.0011,70.11,57,0,1.01
402,Port Angeles,US,2022-05-23 18:30:47,48.1181,-123.4307,61.21,80,100,11.5
403,Bambanglipuro,ID,2022-05-23 18:30:56,-7.95,110.2833,77.07,83,100,5.93
404,Akyab,MM,2022-05-23 18:30:56,20.15,92.9,81.03,79,100,3.89
405,Uruzgan,AF,2022-05-23 18:30:57,32.8333,66.0,64.26,13,0,1.81
406,Sumenep,ID,2022-05-23 18:30:57,-7.0167,113.8667,80.74,78,80,10.87
407,Saint-Augustin,CA,2022-05-23 18:30:58,51.226,-58.6502,54.63,47,58,16.53
408,Lakeland Highlands,US,2022-05-23 18:30:58,27.9597,-81.9501,92.89,58,75,5.75
409,Kruisfontein,ZA,2022-05-23 18:30:59,-34.0033,24.7314,57.88,83,21,2.55
410,Teguldet,RU,2022-05-23 18:31:00,57.3064,88.1667,48.31,69,12,1.57
411,La Ronge,CA,2022-05-23 18:31:00,55.1001,-105.2842,53.82,37,40,13.8
412,Kirovsk,UA,2022-05-23 18:31:01,48.6375,38.6428,46.96,62,75,3.51
413,Bien Hoa,VN,2022-05-23 18:31:01,10.95,106.8167,82.38,87,100,2.3
414,Kilinochchi,LK,2022-05-23 18:31:02,9.3961,80.3982,81.66,80,100,15.43
415,Emerald,AU,2022-05-23 18:31:03,-23.5333,148.1667,58.33,88,0,11.97
416,Kieta,PG,2022-05-23 18:31:03,-6.2167,155.6333,78.66,84,99,2.3
417,Bairiki,KI,2022-05-23 18:31:04,1.3292,172.9752,80.6,83,40,4.61
418,Amelia,IT,2022-05-23 18:31:04,42.5523,12.4182,77.67,47,5,4.5
419,Smithers,CA,2022-05-23 18:30:23,54.7804,-127.1743,52.12,58,75,2.3
420,Manzil Salim,TN,2022-05-23 18:31:05,35.8567,8.4765,80.33,25,11,11.07
421,Harper,LR,2022-05-23 18:31:05,4.375,-7.7169,77.67,86,97,9.71
422,Narasimharajapura,IN,2022-05-23 18:32:06,13.6167,75.5167,70.5,98,46,4.38
423,Buluang,PH,2022-05-23 18:32:07,13.3068,123.3425,77.38,89,63,1.72
424,Porto Murtinho,BR,2022-05-23 18:32:07,-21.6989,-57.8825,88.32,27,0,5.32
425,Vila Franca Do Campo,PT,2022-05-23 18:32:08,37.7167,-25.4333,68.2,83,97,4.59
426,Khagaria,IN,2022-05-23 18:32:09,25.5,86.4833,84.99,55,1,6.64
427,Diffa,NE,2022-05-23 18:32:10,13.3154,12.6113,89.06,10,1,3.47
428,Kloulklubed,PW,2022-05-23 18:32:10,7.0419,134.2556,83.55,77,85,14.47
429,Saint-Ambroise,CA,2022-05-23 18:32:11,48.5501,-71.3324,53.58,50,85,9.22
430,Sheregesh,RU,2022-05-23 18:32:11,52.9209,87.9869,43.52,76,0,3.47
431,Bambous Virieux,MU,2022-05-23 18:32:12,-20.3428,57.7575,75.45,73,75,14.97
432,Tezu,IN,2022-05-23 18:32:13,27.9167,96.1667,75.81,77,98,3.47
433,Yaan,NG,2022-05-23 18:32:14,7.3833,8.5667,77.18,79,100,10.13
434,Chagoda,RU,2022-05-23 18:32:14,59.164,35.3285,44.55,44,100,9.6
435,Toguchin,RU,2022-05-23 18:32:15,55.2353,84.3858,52.09,50,5,3.42
436,Topchikha,RU,2022-05-23 18:32:15,52.8192,83.1185,51.8,61,0,7.34
437,Lewistown,US,2022-05-23 18:32:16,40.5992,-77.5714,70.2,48,0,6.91
438,Mujiayingzi,CN,2022-05-23 18:32:16,42.1167,118.7833,68.72,34,94,14.67
439,Quatre Cocos,MU,2022-05-23 18:32:17,-20.2078,57.7625,75.31,66,85,16.93
440,Jiazi,CN,2022-05-23 18:32:18,22.8779,116.067,73.56,91,99,11.45
441,Biltine,TD,2022-05-23 18:32:18,14.5333,20.9167,90.93,10,3,11.07
442,Havre-Saint-Pierre,CA,2022-05-23 18:32:19,50.2334,-63.5986,57.56,35,0,21.85
443,Seoul,KR,2022-05-23 18:32:20,37.5683,126.9778,60.4,88,40,5.75
444,Saint-Louis,SN,2022-05-23 18:32:21,16.3333,-15.0,91.26,23,0,22.62
445,Bokoro,TD,2022-05-23 18:32:21,12.3807,17.0568,98.35,12,0,11.86
446,Aktash,RU,2022-05-23 18:32:22,50.3,87.7333,43.81,83,87,1.28
447,Visby,SE,2022-05-23 18:32:22,57.6409,18.296,53.82,58,0,0.0
448,Ambovombe,MG,2022-05-23 18:32:23,-25.1667,46.0833,69.69,78,0,4.14
449,Ancud,CL,2022-05-23 18:32:24,-41.8697,-73.8203,49.06,78,100,17.52
450,Clarence Town,AU,2022-05-23 18:32:26,-32.5833,151.7833,57.85,98,74,1.92
451,Upata,VE,2022-05-23 18:32:26,8.0086,-62.3989,82.18,61,100,8.81
452,Fernley,US,2022-05-23 18:31:02,39.608,-119.2518,70.7,18,68,4.03
453,Genhe,CN,2022-05-23 18:32:27,50.7833,121.5167,35.58,89,0,3.38
454,Caucaia,BR,2022-05-23 18:27:50,-3.7361,-38.6531,86.31,70,75,10.36
455,Vardo,NO,2022-05-23 18:32:28,70.3705,31.1107,37.38,87,40,19.57
456,Mayskiy,RU,2022-05-23 18:32:28,47.6931,40.1025,53.01,70,63,3.8
457,Zyryanka,RU,2022-05-23 18:32:29,65.75,150.85,45.73,81,100,10.85
458,Turukhansk,RU,2022-05-23 18:32:30,65.8167,87.9833,50.65,69,95,15.5
459,Rudarpur,IN,2022-05-23 18:32:31,26.4394,83.6144,87.71,41,3,9.22
460,Yenagoa,NG,2022-05-23 18:32:31,4.9247,6.2642,73.71,95,100,6.29
461,Kakonko,TZ,2022-05-23 18:32:31,-3.2828,30.9642,65.62,86,88,3.71
462,Pauini,BR,2022-05-23 18:32:32,-7.7136,-66.9764,89.89,44,63,3.58
463,Sao Jose Da Coroa Grande,BR,2022-05-23 18:32:32,-8.8978,-35.1478,77.92,84,99,13.98
464,Imbituba,BR,2022-05-23 18:32:33,-28.24,-48.6703,73.09,77,83,8.99
465,Robertsport,LR,2022-05-23 18:32:33,6.7533,-11.3686,79.57,84,100,15.88
466,Lokosovo,RU,2022-05-23 18:33:34,61.1333,74.8167,49.5,78,100,7.7
467,Waipawa,NZ,2022-05-23 18:33:34,-41.4122,175.5153,42.69,90,4,3.27
468,Padang,ID,2022-05-23 18:33:34,-0.9492,100.3543,78.03,86,99,3.6
469,Batticaloa,LK,2022-05-23 18:33:35,7.7102,81.6924,81.93,70,100,7.02
470,Koslan,RU,2022-05-23 18:33:35,63.4564,48.8989,34.32,99,100,4.23
471,Pontes E Lacerda,BR,2022-05-23 18:33:35,-15.2261,-59.3353,89.87,33,17,5.59
472,Ballina,AU,2022-05-23 18:33:36,-28.8667,153.5667,59.77,80,100,4.12
473,Asosa,ET,2022-05-23 18:33:36,10.0667,34.5333,63.86,82,94,5.39
474,Buchanan,LR,2022-05-23 18:33:36,5.8808,-10.0467,76.78,90,100,8.66
475,Aksarka,RU,2022-05-23 18:33:17,66.5606,67.7975,37.67,92,100,4.68
476,Svetlyy Yar,RU,2022-05-23 18:33:38,48.4748,44.781,49.6,75,26,8.99
477,Northam,GB,2022-05-23 18:33:38,51.0333,-4.2167,55.62,84,100,14.07
478,Asau,RO,2022-05-23 18:33:39,46.4333,26.4,58.12,100,98,1.3
479,Egvekinot,RU,2022-05-23 18:33:39,66.3167,-179.1667,44.55,59,0,2.42
480,Ornskoldsvik,SE,2022-05-23 18:33:39,63.2909,18.7153,52.75,54,13,6.91
481,Sao Miguel Do Araguaia,BR,2022-05-23 18:33:40,-13.275,-50.1628,88.07,32,0,2.28
482,Urumqi,CN,2022-05-23 18:33:40,43.801,87.6005,72.55,38,0,6.71
483,Lusambo,CD,2022-05-23 18:33:40,-4.9667,23.45,71.6,86,60,0.72
484,Wakema,MM,2022-05-23 18:33:41,16.6,95.1833,75.42,94,100,7.11
485,Gushikawa,JP,2022-05-23 18:33:41,26.3544,127.8686,72.63,96,100,16.11
486,Bitung,ID,2022-05-23 18:33:42,1.4451,125.1824,76.05,87,100,7.74
487,Binuangan,PH,2022-05-23 18:33:42,8.9153,124.7883,76.42,80,15,4.72
488,Senneterre,CA,2022-05-23 18:33:42,48.3835,-77.2328,55.4,38,98,3.51
489,Cherskiy,RU,2022-05-23 18:33:43,68.75,161.3,53.01,45,93,20.04
490,Mahebourg,MU,2022-05-23 18:33:43,-20.4081,57.7,75.49,73,75,14.97
491,Aquin,HT,2022-05-23 18:33:43,18.2833,-73.4,83.5,65,64,7.29
492,Esil,KZ,2022-05-23 18:33:44,51.9556,66.4042,62.08,54,97,14.76
493,Warora,IN,2022-05-23 18:33:45,20.2333,79.0,95.79,23,0,5.06
494,Mahibadhoo,MV,2022-05-23 18:33:45,3.7833,72.9667,84.02,74,35,12.24
495,Maracacume,BR,2022-05-23 18:33:46,-2.0428,-45.9592,76.96,94,96,3.96
496,Monrovia,LR,2022-05-23 18:33:46,6.3005,-10.7969,78.1,87,100,12.01
497,Deputatskiy,RU,2022-05-23 18:33:47,69.3,139.9,24.1,91,54,3.22
498,Bam,IR,2022-05-23 18:33:48,29.106,58.357,81.18,11,0,2.62
499,Feijo,BR,2022-05-23 18:33:48,-8.1642,-70.3536,78.71,86,93,3.6
500,Morgan City,US,2022-05-23 18:33:49,29.6994,-91.2068,84.99,83,100,3.44
501,Bondo,CD,2022-05-23 18:33:49,3.8146,23.6866,71.02,94,100,2.57
502,Alaca,TR,2022-05-23 18:33:50,40.1683,34.8425,48.97,91,96,2.19
503,Sao Gabriel Da Cachoeira,BR,2022-05-23 18:33:50,-0.1303,-67.0892,85.8,70,40,8.05
504,Winona,US,2022-05-23 18:32:54,43.9666,-91.7668,60.6,51,100,6.29
505,Hirara,JP,2022-05-23 18:33:51,24.8,125.2833,78.24,88,95,7.61
506,Mogadishu,SO,2022-05-23 18:33:51,2.0371,45.3438,80.13,86,93,17.69
507,Lahan,NP,2022-05-23 18:33:52,26.7296,86.4951,79.72,67,0,5.95
508,Plettenberg Bay,ZA,2022-05-23 18:33:52,-34.0527,23.3716,60.76,72,100,2.53
509,Iralaya,HN,2022-05-23 18:33:53,15.0,-83.2333,83.26,71,100,12.35
510,Marawi,PH,2022-05-23 18:33:53,7.9986,124.2928,69.58,93,88,1.74
511,Mandal,IN,2022-05-23 18:34:54,25.45,74.5667,87.37,44,0,9.93
512,Broome,US,2022-05-23 18:34:55,42.2506,-75.833,67.17,54,40,10.36
513,Arecibo,PR,2022-05-23 18:34:55,18.4724,-66.7157,88.52,72,19,14.45
514,Sfantu Gheorghe,RO,2022-05-23 18:34:55,45.8667,25.7833,53.26,87,31,0.58
515,Flers,FR,2022-05-23 18:34:56,48.7372,-0.5747,55.65,97,100,6.29
516,Sao Filipe,CV,2022-05-23 18:34:57,14.8961,-24.4956,72.59,72,0,10.98
517,Chervonohryhorivka,UA,2022-05-23 18:34:57,47.623,34.5389,56.14,63,100,4.85
518,Ostrovnoy,RU,2022-05-23 18:34:58,68.0531,39.5131,31.64,90,100,17.6
519,Pangnirtung,CA,2022-05-23 18:34:58,66.1451,-65.7125,19.4,53,40,11.5
520,Clyde,US,2022-05-23 18:34:59,41.3042,-82.9752,63.28,58,100,14.34
521,Novoagansk,RU,2022-05-23 18:35:00,61.9449,76.6625,49.77,72,100,10.49
522,Conselheiro Pena,BR,2022-05-23 18:35:00,-19.1722,-41.4722,78.96,46,27,0.47
523,Constitucion,CL,2022-05-23 18:35:01,-35.3333,-72.4167,54.9,91,100,1.68
524,Kungurtug,RU,2022-05-23 18:35:01,50.5994,97.5228,49.57,79,40,1.54
525,Arkhara,RU,2022-05-23 18:35:02,49.4212,130.0842,48.74,87,100,10.04
526,Boquira,BR,2022-05-23 18:35:02,-12.8231,-42.7306,85.08,25,0,6.02
527,Cape Canaveral,US,2022-05-23 18:35:03,28.4058,-80.6048,91.47,64,20,13.8
528,Cockburn Town,TC,2022-05-23 18:34:43,21.4612,-71.1419,84.16,65,40,14.97
529,Ranong,TH,2022-05-23 18:35:04,9.9658,98.6348,80.47,89,100,10.09
530,Kyra,RU,2022-05-23 18:35:05,49.5776,111.9753,43.81,69,13,6.42
531,Ponta Delgada,PT,2022-05-23 18:35:05,37.7333,-25.6667,68.5,77,75,8.05
532,Guthrie,US,2022-05-23 18:35:06,35.8789,-97.4253,57.18,94,100,9.22
533,Mandalgovi,MN,2022-05-23 18:35:06,45.7625,106.2708,56.48,46,1,21.05
534,Mombetsu,JP,2022-05-23 18:35:07,44.3525,143.3525,47.3,95,100,4.05
535,Hendek,TR,2022-05-23 18:35:07,40.7994,30.7481,53.98,91,86,5.23
536,Algiers,DZ,2022-05-23 18:35:08,36.7525,3.042,76.82,50,20,8.05
537,Bocaiuva,BR,2022-05-23 18:34:55,-17.1078,-43.815,80.31,27,0,8.43
538,Ilulissat,GL,2022-05-23 18:35:08,69.2167,-51.1,37.42,75,75,8.05
539,Tsogni,GA,2022-05-23 18:35:09,-2.7942,10.0988,73.69,82,100,5.01
540,Honiara,SB,2022-05-23 18:35:09,-9.4333,159.95,76.89,87,16,3.56
541,Oakland,US,2022-05-23 18:34:37,42.6667,-83.3999,59.86,60,100,8.05
542,Muslyumovo,RU,2022-05-23 18:35:10,55.3033,53.1947,41.41,80,87,4.36
543,Ambulu,ID,2022-05-23 18:35:11,-8.345,113.6058,74.1,85,82,3.53
544,Mizdah,LY,2022-05-23 18:35:11,31.4451,12.9801,81.86,11,0,5.79
545,Koppies,ZA,2022-05-23 18:35:12,-27.2418,27.5742,52.21,72,5,6.17
546,Petrinja,HR,2022-05-23 18:35:12,45.4375,16.29,73.31,96,77,4.14
547,Santa Cruz De Tenerife,ES,2022-05-23 18:35:13,28.4682,-16.2546,75.92,80,40,19.57
548,Port-Gentil,GA,2022-05-23 18:35:14,-0.7193,8.7815,78.76,73,20,6.91
549,Campina Verde,BR,2022-05-23 18:35:14,-19.5356,-49.4864,82.2,24,5,6.6
550,North Bend,US,2022-05-23 18:35:15,43.4065,-124.2243,68.23,88,0,13.8
551,Tecoanapa,MX,2022-05-23 18:35:15,16.5167,-98.75,85.77,61,0,11.9
552,Hot Springs,US,2022-05-23 18:31:18,34.5037,-93.0552,73.18,65,100,3.44
553,Dulce Grande,MX,2022-05-23 18:35:16,23.0,-102.1667,80.44,12,0,20.02
554,Khandbari,NP,2022-05-23 18:35:16,27.3747,87.2039,68.72,83,97,3.91
555,Hualmay,PE,2022-05-23 18:35:17,-11.0964,-77.6139,69.35,70,5,10.56
556,Dawlatabad,AF,2022-05-23 18:35:17,36.4141,64.9053,70.3,25,0,8.41
557,Bose,IT,2022-05-23 18:36:18,45.4612,8.0137,71.29,81,94,0.25
558,Jurm,AF,2022-05-23 18:36:18,36.8648,70.8342,55.04,62,2,1.92
559,Taylorville,US,2022-05-23 18:36:19,39.5489,-89.2945,69.87,48,0,10.33
560,Luanda,AO,2022-05-23 18:36:20,-8.8368,13.2343,75.2,78,20,10.36
561,Sangar,RU,2022-05-23 18:33:15,63.9242,127.4739,39.92,81,99,5.79
562,Eatonton,US,2022-05-23 18:36:21,33.3268,-83.3885,80.35,87,100,12.91
563,Gedo,ET,2022-05-23 18:36:21,9.0167,37.45,61.65,44,94,2.71
564,Sechura,PE,2022-05-23 18:36:22,-5.5569,-80.8222,76.57,58,19,13.58
565,Araouane,ML,2022-05-23 18:36:23,18.9048,-3.5265,93.79,6,0,9.13
566,Tarauaca,BR,2022-05-23 18:36:24,-8.1614,-70.7656,80.17,84,54,1.97
567,Payakumbuh,ID,2022-05-23 18:36:25,-0.2202,100.6308,71.8,97,100,0.96
568,Chor,PK,2022-05-23 18:36:25,25.5167,69.7667,87.55,40,0,15.82
569,Selizharovo,RU,2022-05-23 18:36:26,56.8519,33.4487,41.45,61,42,5.75
570,Mangai,CD,2022-05-23 18:36:26,-4.05,19.5333,70.86,97,100,1.83
571,Hauterive,FR,2022-05-23 18:36:27,46.0901,3.4459,66.96,83,70,7.09
572,Udachnyy,RU,2022-05-23 18:36:27,66.4167,112.4,41.45,93,100,15.88
573,Sedalia,US,2022-05-23 18:36:27,38.7045,-93.2283,66.74,45,75,12.66
574,Taos,US,2022-05-23 18:36:28,36.4072,-105.5731,67.55,24,0,17.27
575,Merritt Island,US,2022-05-23 18:36:29,28.5392,-80.672,92.08,59,40,17.27
576,Kaset Sombun,TH,2022-05-23 18:36:29,16.2805,101.9542,76.08,92,100,4.76
577,Belaya Gora,RU,2022-05-23 18:36:30,68.5333,146.4167,45.84,82,100,10.04
578,Harij,IN,2022-05-23 18:36:31,23.7,71.9,84.36,74,0,18.23
579,Tura,IN,2022-05-23 18:36:31,25.5198,90.2201,72.63,89,0,4.03
580,Sambava,MG,2022-05-23 18:36:32,-14.2667,50.1667,72.12,81,9,11.32
581,Snezhnogorsk,RU,2022-05-23 18:36:32,69.1933,33.2531,42.58,67,22,11.9
582,Sri Aman,MY,2022-05-23 18:36:33,1.2376,111.4621,73.45,94,31,0.0
583,Maniitsoq,GL,2022-05-23 18:36:34,65.4167,-52.9,28.33,92,100,15.19
584,Mirnyy,RU,2022-05-23 18:36:34,62.5353,113.9611,59.23,35,100,11.01
585,Sosva,RU,2022-05-23 18:36:35,59.1766,61.8558,40.28,87,58,5.37
586,Dungarvan,IE,2022-05-23 18:36:36,52.0881,-7.6253,56.08,78,31,5.99
587,Pingliang,CN,2022-05-23 18:36:37,35.5392,106.6861,59.43,73,10,2.3
588,Magadan,RU,2022-05-23 18:36:33,59.5667,150.8,33.53,97,100,2.17
589,Antalaha,MG,2022-05-23 18:36:37,-14.9003,50.2788,69.67,82,24,6.89
590,Zhuanghe,CN,2022-05-23 18:36:38,39.7008,122.9911,57.54,91,2,3.02
591,Bustamante,MX,2022-05-23 18:36:39,26.5333,-100.5,79.52,67,100,5.64
